firstName,lastName,email,password,phoneNumber,address,cardNumber,nameOnCard,csc,expirationMonth,expirationYear,billingAddress
Vladimir,Klichko,dfds12@gmail.com,1234567,999999999,Kharkiv 22,888888888,Vladimir,222,2020/12/12,2021,Urkaine 1
Potap,Noskov,dfds22@gmail.com,1234567,999999999,Kharkiv 23,888888889,Potap,223,2020/12/13,2022,Urkaine 2
Nastya,Potapova,dfds24@gmail.com,1234567,999999999,Kharkiv 24,888888890,Nastya,224,2020/12/14,2023,Urkaine 3
Petro,Poroshenko,dfd1s2@gmail.com,1234567,999999999,Kharkiv 25,888888891,Petro,225,2020/12/15,2024,Urkaine 4
Volodya,Klichko,d5fds2@gmail.com,1234567,999999999,Kharkiv 26,888888892,Volodya,226,2020/12/16,2025,Urkaine 5
Gena,Vetrov,dfds112@gmail.com,1234567,999999999,Kharkiv 27,888888893,Gena,227,2020/12/17,2026,Urkaine 6
Vova,Shalyapin,dfd22s2@gmail.com,1234567,999999999,Kharkiv 28,888888894,Vova 10,228,2020/12/18,2027,Urkaine 7
Nikola,Teslo,dfd55s2@gmail.com,1234567,999999999,Kharkiv 29,888888895,Nikola,229,2020/12/19,2028,Urkaine 8
Kolya,Morgunov,dfd32s2@gmail.com,1234567,999999999,Kharkiv 30,888888896,Kolya,230,2020/12/20,2029,Urkaine 9
Sergey,Laserev,dfd256s2@gmail.com,1234567,999999999,Kharkiv 31,888888897,Sergey,231,2020/12/21,2030,Urkaine 10
Alex,Kardo,dfds2@gmail.com,1234567,999999999,Kharkiv 32,888888898,Alex,232,2020/12/22,2031,Urkaine 11
Lukas,Diego,dfd125s2@gmail.com,1234567,999999999,Kharkiv 33,888888899,Lukas,233,2020/12/23,2032,Urkaine 12
Ksysha,Maksimova,dfds772@gmail.com,1234567,999999999,Kharkiv 34,888888900,Ksyusha,234,2020/12/24,2033,Urkaine 13
Maria,Sharapova,dfds882@gmail.com,1234567,999999999,Kharkiv 35,888888901,Maria,235,2020/12/25,2034,Urkaine 14
Lena,Precious,dfds782@gmail.com,1234567,999999999,Kharkiv 36,888888902,Lena,236,2020/12/26,2035,Urkaine 15
Olga,Butulina,dfds142@gmail.com,1234567,999999999,Kharkiv 37,888888903,Olga,237,2020/12/27,2036,Urkaine 16
Emelya,Pechkin,dfds732@gmail.com,1234567,999999999,Kharkiv 38,888888904,Emelya,238,2020/12/28,2037,Urkaine 17
